INSERT INTO hotel_chain_emails (hotel_chainID, email) VALUES (1, 'contact@hotelchain1.com');
INSERT INTO hotel_chain_emails (hotel_chainID, email) VALUES (2, 'contact@hotelchain2.com');
INSERT INTO hotel_chain_emails (hotel_chainID, email) VALUES (3, 'contact@hotelchain3.com');
INSERT INTO hotel_chain_emails (hotel_chainID, email) VALUES (4, 'contact@hotelchain4.com');
INSERT INTO hotel_chain_emails (hotel_chainID, email) VALUES (5, 'contact@hotelchain5.com');
INSERT INTO hotel_emails (hotelID, email) VALUES (1, 'info@hotel1.com');
INSERT INTO hotel_emails (hotelID, email) VALUES (2, 'info@hotel2.com');
INSERT INTO hotel_emails (hotelID, email) VALUES (3, 'info@hotel3.com');
INSERT INTO hotel_emails (hotelID, email) VALUES (4, 'info@hotel4.com');
INSERT INTO hotel_emails (hotelID, email) VALUES (5, 'info@hotel5.com');
INSERT INTO hotel_emails (hotelID, email) VALUES (6, 'info@hotel6.com');
INSERT INTO hotel_emails (hotelID, email) VALUES (7, 'info@hotel7.com');
INSERT INTO hotel_emails (hotelID, email) VALUES (8, 'info@hotel8.com');
INSERT INTO hotel_emails (hotelID, email) VALUES (9, 'info@hotel9.com');
INSERT INTO hotel_emails (hotelID, email) VALUES (10, 'info@hotel10.com');
INSERT INTO hotel_emails (hotelID, email) VALUES (11, 'info@hotel11.com');
INSERT INTO hotel_emails (hotelID, email) VALUES (12, 'info@hotel12.com');
INSERT INTO hotel_emails (hotelID, email) VALUES (13, 'info@hotel13.com');
INSERT INTO hotel_emails (hotelID, email) VALUES (14, 'info@hotel14.com');
INSERT INTO hotel_emails (hotelID, email) VALUES (15, 'info@hotel15.com');
INSERT INTO hotel_emails (hotelID, email) VALUES (16, 'info@hotel16.com');
INSERT INTO hotel_emails (hotelID, email) VALUES (17, 'info@hotel17.com');
INSERT INTO hotel_emails (hotelID, email) VALUES (18, 'info@hotel18.com');
INSERT INTO hotel_emails (hotelID, email) VALUES (19, 'info@hotel19.com');
INSERT INTO hotel_emails (hotelID, email) VALUES (20, 'info@hotel20.com');
INSERT INTO hotel_emails (hotelID, email) VALUES (21, 'info@hotel21.com');
INSERT INTO hotel_emails (hotelID, email) VALUES (22, 'info@hotel22.com');
INSERT INTO hotel_emails (hotelID, email) VALUES (23, 'info@hotel23.com');
INSERT INTO hotel_emails (hotelID, email) VALUES (24, 'info@hotel24.com');
INSERT INTO hotel_emails (hotelID, email) VALUES (25, 'info@hotel25.com');
INSERT INTO hotel_emails (hotelID, email) VALUES (26, 'info@hotel26.com');
INSERT INTO hotel_emails (hotelID, email) VALUES (27, 'info@hotel27.com');
INSERT INTO hotel_emails (hotelID, email) VALUES (28, 'info@hotel28.com');
INSERT INTO hotel_emails (hotelID, email) VALUES (29, 'info@hotel29.com');
INSERT INTO hotel_emails (hotelID, email) VALUES (30, 'info@hotel30.com');
INSERT INTO hotel_emails (hotelID, email) VALUES (31, 'info@hotel31.com');
INSERT INTO hotel_emails (hotelID, email) VALUES (32, 'info@hotel32.com');
INSERT INTO hotel_emails (hotelID, email) VALUES (33, 'info@hotel33.com');
INSERT INTO hotel_emails (hotelID, email) VALUES (34, 'info@hotel34.com');
INSERT INTO hotel_emails (hotelID, email) VALUES (35, 'info@hotel35.com');
INSERT INTO hotel_emails (hotelID, email) VALUES (36, 'info@hotel36.com');
INSERT INTO hotel_emails (hotelID, email) VALUES (37, 'info@hotel37.com');
INSERT INTO hotel_emails (hotelID, email) VALUES (38, 'info@hotel38.com');
INSERT INTO hotel_emails (hotelID, email) VALUES (39, 'info@hotel39.com');
INSERT INTO hotel_emails (hotelID, email) VALUES (40, 'info@hotel40.com');
INSERT INTO hotel_chain_phone_numbers (hotel_chainID, phone_number) VALUES (1, '123-456-7810');
INSERT INTO hotel_chain_phone_numbers (hotel_chainID, phone_number) VALUES (2, '123-456-7820');
INSERT INTO hotel_chain_phone_numbers (hotel_chainID, phone_number) VALUES (3, '123-456-7830');
INSERT INTO hotel_chain_phone_numbers (hotel_chainID, phone_number) VALUES (4, '123-456-7840');
INSERT INTO hotel_chain_phone_numbers (hotel_chainID, phone_number) VALUES (5, '123-456-7850');
INSERT INTO hotel_phone_numbers (hotelID, phone_number) VALUES (1, '987-654-321');
INSERT INTO hotel_phone_numbers (hotelID, phone_number) VALUES (2, '987-654-322');
INSERT INTO hotel_phone_numbers (hotelID, phone_number) VALUES (3, '987-654-323');
INSERT INTO hotel_phone_numbers (hotelID, phone_number) VALUES (4, '987-654-324');
INSERT INTO hotel_phone_numbers (hotelID, phone_number) VALUES (5, '987-654-325');
INSERT INTO hotel_phone_numbers (hotelID, phone_number) VALUES (6, '987-654-326');
INSERT INTO hotel_phone_numbers (hotelID, phone_number) VALUES (7, '987-654-327');
INSERT INTO hotel_phone_numbers (hotelID, phone_number) VALUES (8, '987-654-328');
INSERT INTO hotel_phone_numbers (hotelID, phone_number) VALUES (9, '987-654-329');
INSERT INTO hotel_phone_numbers (hotelID, phone_number) VALUES (10, '987-654-320');
INSERT INTO hotel_phone_numbers (hotelID, phone_number) VALUES (11, '987-654-321');
INSERT INTO hotel_phone_numbers (hotelID, phone_number) VALUES (12, '987-654-322');
INSERT INTO hotel_phone_numbers (hotelID, phone_number) VALUES (13, '987-654-323');
INSERT INTO hotel_phone_numbers (hotelID, phone_number) VALUES (14, '987-654-324');
INSERT INTO hotel_phone_numbers (hotelID, phone_number) VALUES (15, '987-654-325');
INSERT INTO hotel_phone_numbers (hotelID, phone_number) VALUES (16, '987-654-326');
INSERT INTO hotel_phone_numbers (hotelID, phone_number) VALUES (17, '987-654-327');
INSERT INTO hotel_phone_numbers (hotelID, phone_number) VALUES (18, '987-654-328');
INSERT INTO hotel_phone_numbers (hotelID, phone_number) VALUES (19, '987-654-329');
INSERT INTO hotel_phone_numbers (hotelID, phone_number) VALUES (20, '987-654-320');
INSERT INTO hotel_phone_numbers (hotelID, phone_number) VALUES (21, '987-654-321');
INSERT INTO hotel_phone_numbers (hotelID, phone_number) VALUES (22, '987-654-322');
INSERT INTO hotel_phone_numbers (hotelID, phone_number) VALUES (23, '987-654-323');
INSERT INTO hotel_phone_numbers (hotelID, phone_number) VALUES (24, '987-654-324');
INSERT INTO hotel_phone_numbers (hotelID, phone_number) VALUES (25, '987-654-325');
INSERT INTO hotel_phone_numbers (hotelID, phone_number) VALUES (26, '987-654-326');
INSERT INTO hotel_phone_numbers (hotelID, phone_number) VALUES (27, '987-654-327');
INSERT INTO hotel_phone_numbers (hotelID, phone_number) VALUES (28, '987-654-328');
INSERT INTO hotel_phone_numbers (hotelID, phone_number) VALUES (29, '987-654-329');
INSERT INTO hotel_phone_numbers (hotelID, phone_number) VALUES (30, '987-654-320');
INSERT INTO hotel_phone_numbers (hotelID, phone_number) VALUES (31, '987-654-321');
INSERT INTO hotel_phone_numbers (hotelID, phone_number) VALUES (32, '987-654-322');
INSERT INTO hotel_phone_numbers (hotelID, phone_number) VALUES (33, '987-654-323');
INSERT INTO hotel_phone_numbers (hotelID, phone_number) VALUES (34, '987-654-324');
INSERT INTO hotel_phone_numbers (hotelID, phone_number) VALUES (35, '987-654-325');
INSERT INTO hotel_phone_numbers (hotelID, phone_number) VALUES (36, '987-654-326');
INSERT INTO hotel_phone_numbers (hotelID, phone_number) VALUES (37, '987-654-327');
INSERT INTO hotel_phone_numbers (hotelID, phone_number) VALUES (38, '987-654-328');
INSERT INTO hotel_phone_numbers (hotelID, phone_number) VALUES (39, '987-654-329');
INSERT INTO hotel_phone_numbers (hotelID, phone_number) VALUES (40, '987-654-320');
INSERT INTO employee (SSN, hotelID, street_number, street_name, city, state, zip_code, first_name, middle_name, last_name) VALUES ('243851940', 1, 101, 'Street 1', 'City', 'State', '12345', 'First', 'M', 'Last');
INSERT INTO employee (SSN, hotelID, street_number, street_name, city, state, zip_code, first_name, middle_name, last_name) VALUES ('285436044', 2, 102, 'Street 2', 'City', 'State', '12345', 'First', 'M', 'Last');
INSERT INTO employee (SSN, hotelID, street_number, street_name, city, state, zip_code, first_name, middle_name, last_name) VALUES ('256716705', 3, 103, 'Street 3', 'City', 'State', '12345', 'First', 'M', 'Last');
INSERT INTO employee (SSN, hotelID, street_number, street_name, city, state, zip_code, first_name, middle_name, last_name) VALUES ('173512415', 4, 104, 'Street 4', 'City', 'State', '12345', 'First', 'M', 'Last');
INSERT INTO employee (SSN, hotelID, street_number, street_name, city, state, zip_code, first_name, middle_name, last_name) VALUES ('247586647', 5, 105, 'Street 5', 'City', 'State', '12345', 'First', 'M', 'Last');
INSERT INTO employee (SSN, hotelID, street_number, street_name, city, state, zip_code, first_name, middle_name, last_name) VALUES ('487797063', 6, 106, 'Street 6', 'City', 'State', '12345', 'First', 'M', 'Last');
INSERT INTO employee (SSN, hotelID, street_number, street_name, city, state, zip_code, first_name, middle_name, last_name) VALUES ('857546919', 7, 107, 'Street 7', 'City', 'State', '12345', 'First', 'M', 'Last');
INSERT INTO employee (SSN, hotelID, street_number, street_name, city, state, zip_code, first_name, middle_name, last_name) VALUES ('192367102', 8, 108, 'Street 8', 'City', 'State', '12345', 'First', 'M', 'Last');
INSERT INTO employee (SSN, hotelID, street_number, street_name, city, state, zip_code, first_name, middle_name, last_name) VALUES ('298736683', 9, 109, 'Street 9', 'City', 'State', '12345', 'First', 'M', 'Last');
INSERT INTO employee (SSN, hotelID, street_number, street_name, city, state, zip_code, first_name, middle_name, last_name) VALUES ('332877386', 10, 110, 'Street 10', 'City', 'State', '12345', 'First', 'M', 'Last');
INSERT INTO employee (SSN, hotelID, street_number, street_name, city, state, zip_code, first_name, middle_name, last_name) VALUES ('465519933', 11, 111, 'Street 11', 'City', 'State', '12345', 'First', 'M', 'Last');
INSERT INTO employee (SSN, hotelID, street_number, street_name, city, state, zip_code, first_name, middle_name, last_name) VALUES ('177370218', 12, 112, 'Street 12', 'City', 'State', '12345', 'First', 'M', 'Last');
INSERT INTO employee (SSN, hotelID, street_number, street_name, city, state, zip_code, first_name, middle_name, last_name) VALUES ('103952770', 13, 113, 'Street 13', 'City', 'State', '12345', 'First', 'M', 'Last');
INSERT INTO employee (SSN, hotelID, street_number, street_name, city, state, zip_code, first_name, middle_name, last_name) VALUES ('248174205', 14, 114, 'Street 14', 'City', 'State', '12345', 'First', 'M', 'Last');
INSERT INTO employee (SSN, hotelID, street_number, street_name, city, state, zip_code, first_name, middle_name, last_name) VALUES ('758452372', 15, 115, 'Street 15', 'City', 'State', '12345', 'First', 'M', 'Last');
INSERT INTO employee (SSN, hotelID, street_number, street_name, city, state, zip_code, first_name, middle_name, last_name) VALUES ('318205734', 16, 116, 'Street 16', 'City', 'State', '12345', 'First', 'M', 'Last');
INSERT INTO employee (SSN, hotelID, street_number, street_name, city, state, zip_code, first_name, middle_name, last_name) VALUES ('856493808', 17, 117, 'Street 17', 'City', 'State', '12345', 'First', 'M', 'Last');
INSERT INTO employee (SSN, hotelID, street_number, street_name, city, state, zip_code, first_name, middle_name, last_name) VALUES ('227492595', 18, 118, 'Street 18', 'City', 'State', '12345', 'First', 'M', 'Last');
INSERT INTO employee (SSN, hotelID, street_number, street_name, city, state, zip_code, first_name, middle_name, last_name) VALUES ('986294858', 19, 119, 'Street 19', 'City', 'State', '12345', 'First', 'M', 'Last');
INSERT INTO employee (SSN, hotelID, street_number, street_name, city, state, zip_code, first_name, middle_name, last_name) VALUES ('254267100', 20, 120, 'Street 20', 'City', 'State', '12345', 'First', 'M', 'Last');
INSERT INTO employee (SSN, hotelID, street_number, street_name, city, state, zip_code, first_name, middle_name, last_name) VALUES ('205500638', 21, 121, 'Street 21', 'City', 'State', '12345', 'First', 'M', 'Last');
INSERT INTO employee (SSN, hotelID, street_number, street_name, city, state, zip_code, first_name, middle_name, last_name) VALUES ('116445061', 22, 122, 'Street 22', 'City', 'State', '12345', 'First', 'M', 'Last');
INSERT INTO employee (SSN, hotelID, street_number, street_name, city, state, zip_code, first_name, middle_name, last_name) VALUES ('266099422', 23, 123, 'Street 23', 'City', 'State', '12345', 'First', 'M', 'Last');
INSERT INTO employee (SSN, hotelID, street_number, street_name, city, state, zip_code, first_name, middle_name, last_name) VALUES ('195555569', 24, 124, 'Street 24', 'City', 'State', '12345', 'First', 'M', 'Last');
INSERT INTO employee (SSN, hotelID, street_number, street_name, city, state, zip_code, first_name, middle_name, last_name) VALUES ('248801497', 25, 125, 'Street 25', 'City', 'State', '12345', 'First', 'M', 'Last');
INSERT INTO employee (SSN, hotelID, street_number, street_name, city, state, zip_code, first_name, middle_name, last_name) VALUES ('451186675', 26, 126, 'Street 26', 'City', 'State', '12345', 'First', 'M', 'Last');
INSERT INTO employee (SSN, hotelID, street_number, street_name, city, state, zip_code, first_name, middle_name, last_name) VALUES ('159405117', 27, 127, 'Street 27', 'City', 'State', '12345', 'First', 'M', 'Last');
INSERT INTO employee (SSN, hotelID, street_number, street_name, city, state, zip_code, first_name, middle_name, last_name) VALUES ('261188968', 28, 128, 'Street 28', 'City', 'State', '12345', 'First', 'M', 'Last');
INSERT INTO employee (SSN, hotelID, street_number, street_name, city, state, zip_code, first_name, middle_name, last_name) VALUES ('890481543', 29, 129, 'Street 29', 'City', 'State', '12345', 'First', 'M', 'Last');
INSERT INTO employee (SSN, hotelID, street_number, street_name, city, state, zip_code, first_name, middle_name, last_name) VALUES ('106829933', 30, 130, 'Street 30', 'City', 'State', '12345', 'First', 'M', 'Last');
INSERT INTO employee (SSN, hotelID, street_number, street_name, city, state, zip_code, first_name, middle_name, last_name) VALUES ('267956852', 31, 131, 'Street 31', 'City', 'State', '12345', 'First', 'M', 'Last');
INSERT INTO employee (SSN, hotelID, street_number, street_name, city, state, zip_code, first_name, middle_name, last_name) VALUES ('336139686', 32, 132, 'Street 32', 'City', 'State', '12345', 'First', 'M', 'Last');
INSERT INTO employee (SSN, hotelID, street_number, street_name, city, state, zip_code, first_name, middle_name, last_name) VALUES ('622667941', 33, 133, 'Street 33', 'City', 'State', '12345', 'First', 'M', 'Last');
INSERT INTO employee (SSN, hotelID, street_number, street_name, city, state, zip_code, first_name, middle_name, last_name) VALUES ('314031807', 34, 134, 'Street 34', 'City', 'State', '12345', 'First', 'M', 'Last');
INSERT INTO employee (SSN, hotelID, street_number, street_name, city, state, zip_code, first_name, middle_name, last_name) VALUES ('382293286', 35, 135, 'Street 35', 'City', 'State', '12345', 'First', 'M', 'Last');
INSERT INTO employee (SSN, hotelID, street_number, street_name, city, state, zip_code, first_name, middle_name, last_name) VALUES ('474316214', 36, 136, 'Street 36', 'City', 'State', '12345', 'First', 'M', 'Last');
INSERT INTO employee (SSN, hotelID, street_number, street_name, city, state, zip_code, first_name, middle_name, last_name) VALUES ('188373374', 37, 137, 'Street 37', 'City', 'State', '12345', 'First', 'M', 'Last');
INSERT INTO employee (SSN, hotelID, street_number, street_name, city, state, zip_code, first_name, middle_name, last_name) VALUES ('296921002', 38, 138, 'Street 38', 'City', 'State', '12345', 'First', 'M', 'Last');
INSERT INTO employee (SSN, hotelID, street_number, street_name, city, state, zip_code, first_name, middle_name, last_name) VALUES ('210569315', 39, 139, 'Street 39', 'City', 'State', '12345', 'First', 'M', 'Last');
INSERT INTO employee (SSN, hotelID, street_number, street_name, city, state, zip_code, first_name, middle_name, last_name) VALUES ('313229443', 40, 140, 'Street 40', 'City', 'State', '12345', 'First', 'M', 'Last');
INSERT INTO employee_phone_numbers (SSN, phone_number) VALUES ('243851940', '555-555-5584');
INSERT INTO employee_phone_numbers (SSN, phone_number) VALUES ('285436044', '555-555-5589');
INSERT INTO employee_phone_numbers (SSN, phone_number) VALUES ('256716705', '555-555-5560');
INSERT INTO employee_phone_numbers (SSN, phone_number) VALUES ('173512415', '555-555-5545');
INSERT INTO employee_phone_numbers (SSN, phone_number) VALUES ('247586647', '555-555-5592');
INSERT INTO employee_phone_numbers (SSN, phone_number) VALUES ('487797063', '555-555-5559');
INSERT INTO employee_phone_numbers (SSN, phone_number) VALUES ('857546919', '555-555-5573');
INSERT INTO employee_phone_numbers (SSN, phone_number) VALUES ('192367102', '555-555-5594');
INSERT INTO employee_phone_numbers (SSN, phone_number) VALUES ('298736683', '555-555-5526');
INSERT INTO employee_phone_numbers (SSN, phone_number) VALUES ('332877386', '555-555-5543');
INSERT INTO employee_phone_numbers (SSN, phone_number) VALUES ('465519933', '555-555-5528');
INSERT INTO employee_phone_numbers (SSN, phone_number) VALUES ('177370218', '555-555-5550');
INSERT INTO employee_phone_numbers (SSN, phone_number) VALUES ('103952770', '555-555-5538');
INSERT INTO employee_phone_numbers (SSN, phone_number) VALUES ('248174205', '555-555-5553');
INSERT INTO employee_phone_numbers (SSN, phone_number) VALUES ('758452372', '555-555-5568');
INSERT INTO employee_phone_numbers (SSN, phone_number) VALUES ('318205734', '555-555-5518');
INSERT INTO employee_phone_numbers (SSN, phone_number) VALUES ('856493808', '555-555-5587');
INSERT INTO employee_phone_numbers (SSN, phone_number) VALUES ('227492595', '555-555-5540');
INSERT INTO employee_phone_numbers (SSN, phone_number) VALUES ('986294858', '555-555-5575');
INSERT INTO employee_phone_numbers (SSN, phone_number) VALUES ('254267100', '555-555-5524');
INSERT INTO employee_phone_numbers (SSN, phone_number) VALUES ('205500638', '555-555-5591');
INSERT INTO employee_phone_numbers (SSN, phone_number) VALUES ('116445061', '555-555-5541');
INSERT INTO employee_phone_numbers (SSN, phone_number) VALUES ('266099422', '555-555-5517');
INSERT INTO employee_phone_numbers (SSN, phone_number) VALUES ('195555569', '555-555-5511');
INSERT INTO employee_phone_numbers (SSN, phone_number) VALUES ('248801497', '555-555-5560');
INSERT INTO employee_phone_numbers (SSN, phone_number) VALUES ('451186675', '555-555-5536');
INSERT INTO employee_phone_numbers (SSN, phone_number) VALUES ('159405117', '555-555-5586');
INSERT INTO employee_phone_numbers (SSN, phone_number) VALUES ('261188968', '555-555-5532');
INSERT INTO employee_phone_numbers (SSN, phone_number) VALUES ('890481543', '555-555-5598');
INSERT INTO employee_phone_numbers (SSN, phone_number) VALUES ('106829933', '555-555-5554');
INSERT INTO employee_phone_numbers (SSN, phone_number) VALUES ('267956852', '555-555-5527');
INSERT INTO employee_phone_numbers (SSN, phone_number) VALUES ('336139686', '555-555-5587');
INSERT INTO employee_phone_numbers (SSN, phone_number) VALUES ('622667941', '555-555-5593');
INSERT INTO employee_phone_numbers (SSN, phone_number) VALUES ('314031807', '555-555-5563');
INSERT INTO employee_phone_numbers (SSN, phone_number) VALUES ('382293286', '555-555-5535');
INSERT INTO employee_phone_numbers (SSN, phone_number) VALUES ('474316214', '555-555-5540');
INSERT INTO employee_phone_numbers (SSN, phone_number) VALUES ('188373374', '555-555-5597');
INSERT INTO employee_phone_numbers (SSN, phone_number) VALUES ('296921002', '555-555-5578');
INSERT INTO employee_phone_numbers (SSN, phone_number) VALUES ('210569315', '555-555-5572');
INSERT INTO employee_phone_numbers (SSN, phone_number) VALUES ('313229443', '555-555-5548');
INSERT INTO employee (SSN, hotelID, street_number, street_name, city, state, zip_code, first_name, middle_name, last_name) VALUES ('1', 1, 123, 'Main St', 'Anytown', 'State', '12345', 'First1', '', 'Last1');
INSERT INTO employee (SSN, hotelID, street_number, street_name, city, state, zip_code, first_name, middle_name, last_name) VALUES ('2', 2, 123, 'Main St', 'Anytown', 'State', '12345', 'First2', '', 'Last2');
INSERT INTO employee (SSN, hotelID, street_number, street_name, city, state, zip_code, first_name, middle_name, last_name) VALUES ('3', 3, 123, 'Main St', 'Anytown', 'State', '12345', 'First3', '', 'Last3');
INSERT INTO employee (SSN, hotelID, street_number, street_name, city, state, zip_code, first_name, middle_name, last_name) VALUES ('4', 4, 123, 'Main St', 'Anytown', 'State', '12345', 'First4', '', 'Last4');
INSERT INTO employee (SSN, hotelID, street_number, street_name, city, state, zip_code, first_name, middle_name, last_name) VALUES ('5', 5, 123, 'Main St', 'Anytown', 'State', '12345', 'First5', '', 'Last5');
INSERT INTO employee (SSN, hotelID, street_number, street_name, city, state, zip_code, first_name, middle_name, last_name) VALUES ('6', 6, 123, 'Main St', 'Anytown', 'State', '12345', 'First6', '', 'Last6');
INSERT INTO employee (SSN, hotelID, street_number, street_name, city, state, zip_code, first_name, middle_name, last_name) VALUES ('7', 7, 123, 'Main St', 'Anytown', 'State', '12345', 'First7', '', 'Last7');
INSERT INTO employee (SSN, hotelID, street_number, street_name, city, state, zip_code, first_name, middle_name, last_name) VALUES ('8', 8, 123, 'Main St', 'Anytown', 'State', '12345', 'First8', '', 'Last8');
INSERT INTO employee (SSN, hotelID, street_number, street_name, city, state, zip_code, first_name, middle_name, last_name) VALUES ('9', 9, 123, 'Main St', 'Anytown', 'State', '12345', 'First9', '', 'Last9');
INSERT INTO employee (SSN, hotelID, street_number, street_name, city, state, zip_code, first_name, middle_name, last_name) VALUES ('10', 10, 123, 'Main St', 'Anytown', 'State', '12345', 'First10', '', 'Last10');
INSERT INTO employee (SSN, hotelID, street_number, street_name, city, state, zip_code, first_name, middle_name, last_name) VALUES ('11', 11, 123, 'Main St', 'Anytown', 'State', '12345', 'First11', '', 'Last11');
INSERT INTO employee (SSN, hotelID, street_number, street_name, city, state, zip_code, first_name, middle_name, last_name) VALUES ('12', 12, 123, 'Main St', 'Anytown', 'State', '12345', 'First12', '', 'Last12');
INSERT INTO employee (SSN, hotelID, street_number, street_name, city, state, zip_code, first_name, middle_name, last_name) VALUES ('13', 13, 123, 'Main St', 'Anytown', 'State', '12345', 'First13', '', 'Last13');
INSERT INTO employee (SSN, hotelID, street_number, street_name, city, state, zip_code, first_name, middle_name, last_name) VALUES ('14', 14, 123, 'Main St', 'Anytown', 'State', '12345', 'First14', '', 'Last14');
INSERT INTO employee (SSN, hotelID, street_number, street_name, city, state, zip_code, first_name, middle_name, last_name) VALUES ('15', 15, 123, 'Main St', 'Anytown', 'State', '12345', 'First15', '', 'Last15');
INSERT INTO employee (SSN, hotelID, street_number, street_name, city, state, zip_code, first_name, middle_name, last_name) VALUES ('16', 16, 123, 'Main St', 'Anytown', 'State', '12345', 'First16', '', 'Last16');
INSERT INTO employee (SSN, hotelID, street_number, street_name, city, state, zip_code, first_name, middle_name, last_name) VALUES ('17', 17, 123, 'Main St', 'Anytown', 'State', '12345', 'First17', '', 'Last17');
INSERT INTO employee (SSN, hotelID, street_number, street_name, city, state, zip_code, first_name, middle_name, last_name) VALUES ('18', 18, 123, 'Main St', 'Anytown', 'State', '12345', 'First18', '', 'Last18');
INSERT INTO employee (SSN, hotelID, street_number, street_name, city, state, zip_code, first_name, middle_name, last_name) VALUES ('19', 19, 123, 'Main St', 'Anytown', 'State', '12345', 'First19', '', 'Last19');
INSERT INTO employee (SSN, hotelID, street_number, street_name, city, state, zip_code, first_name, middle_name, last_name) VALUES ('20', 20, 123, 'Main St', 'Anytown', 'State', '12345', 'First20', '', 'Last20');
INSERT INTO employee (SSN, hotelID, street_number, street_name, city, state, zip_code, first_name, middle_name, last_name) VALUES ('21', 21, 123, 'Main St', 'Anytown', 'State', '12345', 'First21', '', 'Last21');
INSERT INTO employee (SSN, hotelID, street_number, street_name, city, state, zip_code, first_name, middle_name, last_name) VALUES ('22', 22, 123, 'Main St', 'Anytown', 'State', '12345', 'First22', '', 'Last22');
INSERT INTO employee (SSN, hotelID, street_number, street_name, city, state, zip_code, first_name, middle_name, last_name) VALUES ('23', 23, 123, 'Main St', 'Anytown', 'State', '12345', 'First23', '', 'Last23');
INSERT INTO employee (SSN, hotelID, street_number, street_name, city, state, zip_code, first_name, middle_name, last_name) VALUES ('24', 24, 123, 'Main St', 'Anytown', 'State', '12345', 'First24', '', 'Last24');
INSERT INTO employee (SSN, hotelID, street_number, street_name, city, state, zip_code, first_name, middle_name, last_name) VALUES ('25', 25, 123, 'Main St', 'Anytown', 'State', '12345', 'First25', '', 'Last25');
INSERT INTO employee (SSN, hotelID, street_number, street_name, city, state, zip_code, first_name, middle_name, last_name) VALUES ('26', 26, 123, 'Main St', 'Anytown', 'State', '12345', 'First26', '', 'Last26');
INSERT INTO employee (SSN, hotelID, street_number, street_name, city, state, zip_code, first_name, middle_name, last_name) VALUES ('27', 27, 123, 'Main St', 'Anytown', 'State', '12345', 'First27', '', 'Last27');
INSERT INTO employee (SSN, hotelID, street_number, street_name, city, state, zip_code, first_name, middle_name, last_name) VALUES ('28', 28, 123, 'Main St', 'Anytown', 'State', '12345', 'First28', '', 'Last28');
INSERT INTO employee (SSN, hotelID, street_number, street_name, city, state, zip_code, first_name, middle_name, last_name) VALUES ('29', 29, 123, 'Main St', 'Anytown', 'State', '12345', 'First29', '', 'Last29');
INSERT INTO employee (SSN, hotelID, street_number, street_name, city, state, zip_code, first_name, middle_name, last_name) VALUES ('30', 30, 123, 'Main St', 'Anytown', 'State', '12345', 'First30', '', 'Last30');
INSERT INTO employee (SSN, hotelID, street_number, street_name, city, state, zip_code, first_name, middle_name, last_name) VALUES ('31', 31, 123, 'Main St', 'Anytown', 'State', '12345', 'First31', '', 'Last31');
INSERT INTO employee (SSN, hotelID, street_number, street_name, city, state, zip_code, first_name, middle_name, last_name) VALUES ('32', 32, 123, 'Main St', 'Anytown', 'State', '12345', 'First32', '', 'Last32');
INSERT INTO employee (SSN, hotelID, street_number, street_name, city, state, zip_code, first_name, middle_name, last_name) VALUES ('33', 33, 123, 'Main St', 'Anytown', 'State', '12345', 'First33', '', 'Last33');
INSERT INTO employee (SSN, hotelID, street_number, street_name, city, state, zip_code, first_name, middle_name, last_name) VALUES ('34', 34, 123, 'Main St', 'Anytown', 'State', '12345', 'First34', '', 'Last34');
INSERT INTO employee (SSN, hotelID, street_number, street_name, city, state, zip_code, first_name, middle_name, last_name) VALUES ('35', 35, 123, 'Main St', 'Anytown', 'State', '12345', 'First35', '', 'Last35');
INSERT INTO employee (SSN, hotelID, street_number, street_name, city, state, zip_code, first_name, middle_name, last_name) VALUES ('36', 36, 123, 'Main St', 'Anytown', 'State', '12345', 'First36', '', 'Last36');
INSERT INTO employee (SSN, hotelID, street_number, street_name, city, state, zip_code, first_name, middle_name, last_name) VALUES ('37', 37, 123, 'Main St', 'Anytown', 'State', '12345', 'First37', '', 'Last37');
INSERT INTO employee (SSN, hotelID, street_number, street_name, city, state, zip_code, first_name, middle_name, last_name) VALUES ('38', 38, 123, 'Main St', 'Anytown', 'State', '12345', 'First38', '', 'Last38');
INSERT INTO employee (SSN, hotelID, street_number, street_name, city, state, zip_code, first_name, middle_name, last_name) VALUES ('39', 39, 123, 'Main St', 'Anytown', 'State', '12345', 'First39', '', 'Last39');
INSERT INTO employee (SSN, hotelID, street_number, street_name, city, state, zip_code, first_name, middle_name, last_name) VALUES ('40', 40, 123, 'Main St', 'Anytown', 'State', '12345', 'First40', '', 'Last40');
INSERT INTO employee_roles (SSN, role) VALUES ('1', 'Manager');
INSERT INTO employee_roles (SSN, role) VALUES ('2', 'Manager');
INSERT INTO employee_roles (SSN, role) VALUES ('3', 'Manager');
INSERT INTO employee_roles (SSN, role) VALUES ('4', 'Manager');
INSERT INTO employee_roles (SSN, role) VALUES ('5', 'Manager');
INSERT INTO employee_roles (SSN, role) VALUES ('6', 'Manager');
INSERT INTO employee_roles (SSN, role) VALUES ('7', 'Manager');
INSERT INTO employee_roles (SSN, role) VALUES ('8', 'Manager');
INSERT INTO employee_roles (SSN, role) VALUES ('9', 'Manager');
INSERT INTO employee_roles (SSN, role) VALUES ('10', 'Manager');
INSERT INTO employee_roles (SSN, role) VALUES ('11', 'Manager');
INSERT INTO employee_roles (SSN, role) VALUES ('12', 'Manager');
INSERT INTO employee_roles (SSN, role) VALUES ('13', 'Manager');
INSERT INTO employee_roles (SSN, role) VALUES ('14', 'Manager');
INSERT INTO employee_roles (SSN, role) VALUES ('15', 'Manager');
INSERT INTO employee_roles (SSN, role) VALUES ('16', 'Manager');
INSERT INTO employee_roles (SSN, role) VALUES ('17', 'Manager');
INSERT INTO employee_roles (SSN, role) VALUES ('18', 'Manager');
INSERT INTO employee_roles (SSN, role) VALUES ('19', 'Manager');
INSERT INTO employee_roles (SSN, role) VALUES ('20', 'Manager');
INSERT INTO employee_roles (SSN, role) VALUES ('21', 'Manager');
INSERT INTO employee_roles (SSN, role) VALUES ('22', 'Manager');
INSERT INTO employee_roles (SSN, role) VALUES ('23', 'Manager');
INSERT INTO employee_roles (SSN, role) VALUES ('24', 'Manager');
INSERT INTO employee_roles (SSN, role) VALUES ('25', 'Manager');
INSERT INTO employee_roles (SSN, role) VALUES ('26', 'Manager');
INSERT INTO employee_roles (SSN, role) VALUES ('27', 'Manager');
INSERT INTO employee_roles (SSN, role) VALUES ('28', 'Manager');
INSERT INTO employee_roles (SSN, role) VALUES ('29', 'Manager');
INSERT INTO employee_roles (SSN, role) VALUES ('30', 'Manager');
INSERT INTO employee_roles (SSN, role) VALUES ('31', 'Manager');
INSERT INTO employee_roles (SSN, role) VALUES ('32', 'Manager');
INSERT INTO employee_roles (SSN, role) VALUES ('33', 'Manager');
INSERT INTO employee_roles (SSN, role) VALUES ('34', 'Manager');
INSERT INTO employee_roles (SSN, role) VALUES ('35', 'Manager');
INSERT INTO employee_roles (SSN, role) VALUES ('36', 'Manager');
INSERT INTO employee_roles (SSN, role) VALUES ('37', 'Manager');
INSERT INTO employee_roles (SSN, role) VALUES ('38', 'Manager');
INSERT INTO employee_roles (SSN, role) VALUES ('39', 'Manager');
INSERT INTO employee_roles (SSN, role) VALUES ('40', 'Manager');
